timestamp_unix,mode,phase,ip,request_id,task_type,payload_bytes,status_code,response_ms,outcome,error
1775362117.779,slow_rate,warmup,192.168.100.20,1,factorial,36,200,307.1,allowed,
1775362118.187,slow_rate,warmup,192.168.100.20,2,factorial,36,200,301.3,allowed,
1775362118.589,slow_rate,warmup,192.168.100.20,3,find_vowels,80,200,221.5,allowed,
1775362118.911,slow_rate,warmup,192.168.100.20,4,addition,49,200,175.5,allowed,
1775362119.187,slow_rate,warmup,192.168.100.20,5,find_vowels,80,200,208.6,allowed,
1775362119.497,slow_rate,warmup,192.168.100.20,6,find_vowels,80,200,207.0,allowed,
1775362119.805,slow_rate,warmup,192.168.100.20,7,addition,49,200,174.9,allowed,
1775362120.081,slow_rate,warmup,192.168.100.20,8,factorial,36,200,285.0,allowed,
1775362120.466,slow_rate,warmup,192.168.100.20,9,addition,49,200,173.1,allowed,
1775362120.740,slow_rate,warmup,192.168.100.20,10,factorial,36,200,277.3,allowed,
1775362121.118,slow_rate,warmup,192.168.100.20,11,find_vowels,80,200,213.8,allowed,
1775362121.433,slow_rate,warmup,192.168.100.20,12,multiplication,54,200,227.1,allowed,
1775362121.761,slow_rate,warmup,192.168.100.20,13,find_vowels,100,200,237.2,allowed,
1775362122.098,slow_rate,warmup,192.168.100.20,14,multiplication,55,200,236.3,allowed,
1775362122.435,slow_rate,warmup,192.168.100.20,15,addition,49,200,179.9,allowed,
1775362122.716,slow_rate,warmup,192.168.100.20,16,addition,49,200,264.9,allowed,
1775362123.081,slow_rate,warmup,192.168.100.20,17,addition,48,200,185.3,allowed,
1775362123.367,slow_rate,warmup,192.168.100.20,18,find_vowels,100,200,211.7,allowed,
1775362123.679,slow_rate,warmup,192.168.100.20,19,multiplication,55,200,234.5,allowed,
1775362124.014,slow_rate,warmup,192.168.100.20,20,addition,48,200,190.6,allowed,
1775362124.306,slow_rate,warmup,192.168.100.20,21,multiplication,55,200,331.5,allowed,
1775362124.738,slow_rate,warmup,192.168.100.20,22,addition,49,200,198.9,allowed,
1775362125.038,slow_rate,warmup,192.168.100.20,23,find_vowels,100,200,215.9,allowed,
1775362125.355,slow_rate,warmup,192.168.100.20,24,find_vowels,100,200,206.7,allowed,
1775362125.663,slow_rate,warmup,192.168.100.20,25,find_vowels,80,200,228.1,allowed,
1775362125.991,slow_rate,warmup,192.168.100.20,26,multiplication,55,200,292.5,allowed,
1775362126.384,slow_rate,warmup,192.168.100.20,27,string_length,66,200,189.9,allowed,
1775362126.675,slow_rate,warmup,192.168.100.20,28,multiplication,54,200,207.4,allowed,
1775362126.983,slow_rate,warmup,192.168.100.20,29,string_length,66,200,231.6,allowed,
1775362127.315,slow_rate,warmup,192.168.100.20,30,addition,48,200,196.5,allowed,
1775362127.613,slow_rate,warmup,192.168.100.20,31,string_length,66,200,211.0,allowed,
1775362127.924,slow_rate,warmup,192.168.100.20,32,multiplication,54,200,238.5,allowed,
1775362128.263,slow_rate,warmup,192.168.100.20,33,find_vowels,60,200,220.1,allowed,
1775362128.584,slow_rate,warmup,192.168.100.20,34,addition,49,200,166.0,allowed,
1775362128.851,slow_rate,warmup,192.168.100.20,35,string_length,66,200,200.0,allowed,
1775362129.151,slow_rate,warmup,192.168.100.20,36,string_length,66,200,212.1,allowed,
1775362129.465,slow_rate,warmup,192.168.100.20,37,addition,49,200,245.7,allowed,
1775362129.811,slow_rate,warmup,192.168.100.20,38,string_length,54,200,308.6,allowed,
1775362130.220,slow_rate,warmup,192.168.100.20,39,multiplication,55,200,229.6,allowed,
1775362130.551,slow_rate,warmup,192.168.100.20,40,string_length,66,200,195.9,allowed,
1775362130.847,slow_rate,warmup,192.168.100.20,41,find_vowels,60,200,202.5,allowed,
1775362131.150,slow_rate,warmup,192.168.100.20,42,multiplication,55,200,223.0,allowed,
1775362131.474,slow_rate,warmup,192.168.100.20,43,addition,49,200,178.3,allowed,
1775362131.753,slow_rate,warmup,192.168.100.20,44,multiplication,55,200,230.4,allowed,
1775362132.084,slow_rate,warmup,192.168.100.20,45,multiplication,55,200,235.2,allowed,
1775362132.420,slow_rate,warmup,192.168.100.20,46,multiplication,54,200,217.0,allowed,
1775362132.738,slow_rate,warmup,192.168.100.20,47,factorial,36,200,296.1,allowed,
1775362133.135,slow_rate,warmup,192.168.100.20,48,factorial,36,200,283.3,allowed,
1775362133.519,slow_rate,warmup,192.168.100.20,49,addition,49,200,180.4,allowed,
1775362133.800,slow_rate,warmup,192.168.100.20,50,multiplication,54,200,236.3,allowed,
1775362134.137,slow_rate,warmup,192.168.100.20,51,find_vowels,100,200,217.8,allowed,
1775362134.455,slow_rate,warmup,192.168.100.20,52,addition,49,200,178.3,allowed,
1775362134.734,slow_rate,warmup,192.168.100.20,53,string_length,78,200,210.9,allowed,
1775362135.046,slow_rate,warmup,192.168.100.20,54,addition,49,200,171.8,allowed,
1775362135.318,slow_rate,warmup,192.168.100.20,55,addition,49,200,192.5,allowed,
1775362135.612,slow_rate,warmup,192.168.100.20,56,multiplication,54,200,231.1,allowed,
1775362135.944,slow_rate,warmup,192.168.100.20,57,factorial,36,200,283.6,allowed,
1775362136.328,slow_rate,warmup,192.168.100.20,58,addition,49,200,223.5,allowed,
1775362136.652,slow_rate,warmup,192.168.100.20,59,string_length,54,200,203.8,allowed,
1775362136.957,slow_rate,warmup,192.168.100.20,60,find_vowels,100,200,226.1,allowed,
1775362137.283,slow_rate,warmup,192.168.100.20,61,factorial,36,200,276.1,allowed,
1775362137.660,slow_rate,warmup,192.168.100.20,62,factorial,36,200,301.6,allowed,
1775362138.062,slow_rate,warmup,192.168.100.20,63,string_length,90,200,195.8,allowed,
1775362138.358,slow_rate,warmup,192.168.100.20,64,addition,49,200,174.4,allowed,
1775362138.633,slow_rate,warmup,192.168.100.20,65,string_length,78,200,199.6,allowed,
1775362138.933,slow_rate,warmup,192.168.100.20,66,string_length,90,200,213.2,allowed,
1775362139.247,slow_rate,warmup,192.168.100.20,67,find_vowels,100,200,224.0,allowed,
1775362139.572,slow_rate,warmup,192.168.100.20,68,addition,48,200,173.1,allowed,
1775362139.846,slow_rate,warmup,192.168.100.20,69,find_vowels,60,200,199.5,allowed,
1775362140.146,slow_rate,warmup,192.168.100.20,70,factorial,36,200,271.9,allowed,
1775362140.519,slow_rate,warmup,192.168.100.20,71,multiplication,54,200,230.7,allowed,
1775362140.850,slow_rate,warmup,192.168.100.20,72,multiplication,55,200,236.8,allowed,
1775362141.187,slow_rate,warmup,192.168.100.20,73,find_vowels,80,200,209.2,allowed,
1775362141.498,slow_rate,warmup,192.168.100.20,74,addition,49,200,188.4,allowed,
1775362141.787,slow_rate,warmup,192.168.100.20,75,addition,48,200,174.3,allowed,
1775362142.063,slow_rate,warmup,192.168.100.20,76,multiplication,55,200,232.0,allowed,
1775362142.396,slow_rate,warmup,192.168.100.20,77,string_length,78,200,227.0,allowed,
1775362142.723,slow_rate,warmup,192.168.100.20,78,factorial,36,200,290.7,allowed,
1775362143.115,slow_rate,warmup,192.168.100.20,79,factorial,36,200,286.7,allowed,
1775362143.502,slow_rate,warmup,192.168.100.20,80,factorial,36,200,308.1,allowed,
1775362143.912,slow_rate,warmup,192.168.100.20,81,find_vowels,80,200,220.7,allowed,
1775362144.233,slow_rate,warmup,192.168.100.20,82,multiplication,55,200,235.3,allowed,
1775362144.569,slow_rate,warmup,192.168.100.20,83,find_vowels,100,200,219.4,allowed,
1775362144.889,slow_rate,warmup,192.168.100.20,84,string_length,90,200,284.4,allowed,
1775362145.274,slow_rate,warmup,192.168.100.20,85,multiplication,54,200,243.9,allowed,
1775362145.619,slow_rate,warmup,192.168.100.20,86,string_length,78,200,218.5,allowed,
1775362145.938,slow_rate,warmup,192.168.100.20,87,string_length,90,200,200.9,allowed,
1775362146.240,slow_rate,warmup,192.168.100.20,88,multiplication,55,200,233.1,allowed,
1775362146.574,slow_rate,warmup,192.168.100.20,89,find_vowels,60,200,202.7,allowed,
1775362146.877,slow_rate,warmup,192.168.100.20,90,multiplication,55,200,255.7,allowed,
1775362147.233,slow_rate,warmup,192.168.100.20,91,factorial,36,200,301.4,allowed,
1775362147.636,slow_rate,warmup,192.168.100.20,92,addition,49,200,187.4,allowed,
1775362147.924,slow_rate,warmup,192.168.100.20,93,multiplication,55,200,255.5,allowed,
1775362148.280,slow_rate,warmup,192.168.100.20,94,addition,49,200,190.5,allowed,
1775362148.571,slow_rate,warmup,192.168.100.20,95,find_vowels,60,200,197.6,allowed,
1775362148.869,slow_rate,warmup,192.168.100.20,96,find_vowels,100,200,206.2,allowed,
1775362149.177,slow_rate,warmup,192.168.100.20,97,addition,48,200,184.6,allowed,
1775362149.462,slow_rate,warmup,192.168.100.20,98,find_vowels,60,200,209.6,allowed,
1775362149.772,slow_rate,warmup,192.168.100.20,99,factorial,36,200,260.3,allowed,
1775362150.133,slow_rate,warmup,192.168.100.20,100,factorial,36,200,280.1,allowed,
1775362150.514,slow_rate,warmup,192.168.100.20,101,multiplication,54,200,228.8,allowed,
1775362150.843,slow_rate,warmup,192.168.100.20,102,find_vowels,60,200,229.2,allowed,
1775362151.173,slow_rate,warmup,192.168.100.20,103,find_vowels,80,200,212.8,allowed,
1775362151.487,slow_rate,warmup,192.168.100.20,104,addition,49,200,178.8,allowed,
1775362151.766,slow_rate,warmup,192.168.100.20,105,string_length,78,200,208.8,allowed,
1775362152.076,slow_rate,warmup,192.168.100.20,106,multiplication,53,200,224.2,allowed,
1775362152.401,slow_rate,warmup,192.168.100.20,107,multiplication,54,200,243.0,allowed,
1775362152.745,slow_rate,warmup,192.168.100.20,108,find_vowels,80,200,203.7,allowed,
1775362153.049,slow_rate,warmup,192.168.100.20,109,multiplication,55,200,234.0,allowed,
1775362153.383,slow_rate,warmup,192.168.100.20,110,addition,49,200,185.4,allowed,
1775362153.670,slow_rate,warmup,192.168.100.20,111,multiplication,55,200,243.1,allowed,
1775362154.014,slow_rate,warmup,192.168.100.20,112,factorial,36,200,287.8,allowed,
1775362154.402,slow_rate,warmup,192.168.100.20,113,string_length,78,200,201.7,allowed,
1775362154.705,slow_rate,warmup,192.168.100.20,114,factorial,36,200,283.4,allowed,
1775362155.089,slow_rate,warmup,192.168.100.20,115,find_vowels,60,200,215.5,allowed,
1775362155.406,slow_rate,warmup,192.168.100.20,116,multiplication,55,200,241.1,allowed,
1775362155.747,slow_rate,warmup,192.168.100.20,117,multiplication,55,200,252.1,allowed,
1775362156.100,slow_rate,warmup,192.168.100.20,118,addition,48,200,188.9,allowed,
1775362156.390,slow_rate,warmup,192.168.100.20,119,factorial,36,200,280.4,allowed,
1775362156.771,slow_rate,warmup,192.168.100.20,120,string_length,54,200,205.3,allowed,
1775362157.077,slow_rate,warmup,192.168.100.20,121,find_vowels,60,200,212.4,allowed,
1775362157.389,slow_rate,warmup,192.168.100.20,122,addition,49,200,174.3,allowed,
1775362157.664,slow_rate,warmup,192.168.100.20,123,find_vowels,100,200,222.4,allowed,
1775362157.988,slow_rate,warmup,192.168.100.20,124,addition,48,200,184.3,allowed,
1775362158.272,slow_rate,warmup,192.168.100.20,125,factorial,36,200,281.2,allowed,
1775362158.654,slow_rate,warmup,192.168.100.20,126,factorial,36,200,291.3,allowed,
1775362159.046,slow_rate,warmup,192.168.100.20,127,multiplication,54,200,225.0,allowed,
1775362159.371,slow_rate,warmup,192.168.100.20,128,addition,49,200,174.1,allowed,
1775362159.646,slow_rate,warmup,192.168.100.20,129,find_vowels,80,200,217.2,allowed,
1775362159.964,slow_rate,warmup,192.168.100.20,130,string_length,66,200,208.8,allowed,
1775362160.273,slow_rate,warmup,192.168.100.20,131,find_vowels,60,200,212.2,allowed,
1775362160.586,slow_rate,warmup,192.168.100.20,132,string_length,90,200,223.3,allowed,
1775362160.910,slow_rate,warmup,192.168.100.20,133,find_vowels,100,200,220.9,allowed,
1775362161.231,slow_rate,warmup,192.168.100.20,134,string_length,90,200,195.9,allowed,
1775362161.528,slow_rate,warmup,192.168.100.20,135,factorial,36,200,264.6,allowed,
1775362161.893,slow_rate,warmup,192.168.100.20,136,multiplication,55,200,227.0,allowed,
1775362162.220,slow_rate,warmup,192.168.100.20,137,find_vowels,100,200,203.2,allowed,
1775362162.524,slow_rate,warmup,192.168.100.20,138,find_vowels,80,200,215.5,allowed,
1775362162.840,slow_rate,warmup,192.168.100.20,139,multiplication,55,200,228.8,allowed,
1775362163.170,slow_rate,warmup,192.168.100.20,140,addition,49,200,201.0,allowed,
1775362163.472,slow_rate,warmup,192.168.100.20,141,multiplication,55,200,229.9,allowed,
1775362163.802,slow_rate,warmup,192.168.100.20,142,factorial,36,200,285.8,allowed,
1775362164.189,slow_rate,warmup,192.168.100.20,143,string_length,78,200,217.3,allowed,
1775362164.507,slow_rate,warmup,192.168.100.20,144,multiplication,55,200,230.7,allowed,
1775362164.838,slow_rate,warmup,192.168.100.20,145,string_length,78,200,266.4,allowed,
1775362165.205,slow_rate,warmup,192.168.100.20,146,string_length,66,200,191.3,allowed,
1775362165.497,slow_rate,warmup,192.168.100.20,147,multiplication,55,200,241.0,allowed,
1775362165.839,slow_rate,warmup,192.168.100.20,148,find_vowels,60,200,206.5,allowed,
1775362166.146,slow_rate,warmup,192.168.100.20,149,string_length,78,200,218.9,allowed,
1775362166.465,slow_rate,warmup,192.168.100.20,150,factorial,36,200,383.2,allowed,
1775362166.949,slow_rate,warmup,192.168.100.20,151,find_vowels,80,200,221.8,allowed,
1775362167.271,slow_rate,warmup,192.168.100.20,152,addition,49,200,180.8,allowed,
1775362167.553,slow_rate,warmup,192.168.100.20,153,find_vowels,100,200,202.3,allowed,
1775362167.856,slow_rate,warmup,192.168.100.20,154,string_length,90,200,197.1,allowed,
1775362168.154,slow_rate,warmup,192.168.100.20,155,string_length,66,200,202.2,allowed,
1775362168.457,slow_rate,warmup,192.168.100.20,156,addition,49,200,171.4,allowed,
1775362168.728,slow_rate,warmup,192.168.100.20,157,find_vowels,100,200,206.9,allowed,
1775362169.036,slow_rate,warmup,192.168.100.20,158,addition,49,200,183.7,allowed,
1775362169.320,slow_rate,warmup,192.168.100.20,159,string_length,78,200,189.3,allowed,
1775362169.610,slow_rate,warmup,192.168.100.20,160,multiplication,54,200,228.2,allowed,
1775362169.939,slow_rate,warmup,192.168.100.20,161,string_length,66,200,256.8,allowed,
1775362170.296,slow_rate,warmup,192.168.100.20,162,find_vowels,60,200,204.4,allowed,
1775362170.601,slow_rate,warmup,192.168.100.20,163,multiplication,55,200,237.2,allowed,
1775362170.939,slow_rate,warmup,192.168.100.20,164,factorial,36,200,279.3,allowed,
1775362171.319,slow_rate,warmup,192.168.100.20,165,find_vowels,100,200,207.3,allowed,
1775362171.628,slow_rate,warmup,192.168.100.20,166,find_vowels,100,200,212.1,allowed,
1775362171.941,slow_rate,warmup,192.168.100.20,167,find_vowels,80,200,210.2,allowed,
1775362172.252,slow_rate,warmup,192.168.100.20,168,addition,49,200,182.4,allowed,
1775362172.535,slow_rate,warmup,192.168.100.20,169,find_vowels,100,200,219.1,allowed,
1775362172.854,slow_rate,warmup,192.168.100.20,170,string_length,78,200,205.6,allowed,
1775362173.161,slow_rate,warmup,192.168.100.20,171,multiplication,54,200,204.9,allowed,
1775362173.466,slow_rate,warmup,192.168.100.20,172,find_vowels,80,200,205.8,allowed,
1775362173.772,slow_rate,warmup,192.168.100.20,173,find_vowels,60,200,205.0,allowed,
1775362174.079,slow_rate,warmup,192.168.100.20,174,addition,49,200,171.3,allowed,
1775362174.351,slow_rate,warmup,192.168.100.20,175,addition,49,200,195.6,allowed,
1775362174.647,slow_rate,warmup,192.168.100.20,176,factorial,36,200,288.0,allowed,
1775362175.036,slow_rate,warmup,192.168.100.20,177,factorial,36,200,281.3,allowed,
1775362175.418,slow_rate,warmup,192.168.100.20,178,factorial,36,200,284.0,allowed,
1775362175.802,slow_rate,warmup,192.168.100.20,179,addition,49,200,182.6,allowed,
1775362176.086,slow_rate,warmup,192.168.100.20,180,multiplication,55,200,235.8,allowed,
1775362176.423,slow_rate,warmup,192.168.100.20,181,addition,49,200,178.9,allowed,
1775362176.703,slow_rate,warmup,192.168.100.20,182,factorial,36,200,285.2,allowed,
1775362177.089,slow_rate,warmup,192.168.100.20,183,string_length,78,200,270.1,allowed,
1775362177.460,slow_rate,warmup,192.168.100.20,184,multiplication,55,200,219.8,allowed,
1775362177.780,slow_rate,warmup,192.168.100.20,185,multiplication,55,200,234.9,allowed,
1775362178.116,slow_rate,warmup,192.168.100.20,186,multiplication,55,200,250.4,allowed,
1775362178.467,slow_rate,warmup,192.168.100.20,187,addition,49,200,180.9,allowed,
1775362178.749,slow_rate,warmup,192.168.100.20,188,multiplication,55,200,217.7,allowed,
1775362179.067,slow_rate,warmup,192.168.100.20,189,multiplication,55,200,236.6,allowed,
1775362179.405,slow_rate,warmup,192.168.100.20,190,factorial,36,200,289.5,allowed,
1775362179.795,slow_rate,warmup,192.168.100.20,191,addition,49,200,196.1,allowed,
1775362180.092,slow_rate,warmup,192.168.100.20,192,multiplication,54,200,231.0,allowed,
1775362180.423,slow_rate,warmup,192.168.100.20,193,factorial,36,200,414.8,allowed,
1775362180.939,slow_rate,warmup,192.168.100.20,194,find_vowels,60,200,225.3,allowed,
1775362181.265,slow_rate,warmup,192.168.100.20,195,multiplication,54,200,243.1,allowed,
1775362181.608,slow_rate,warmup,192.168.100.20,196,factorial,36,200,287.2,allowed,
1775362181.997,slow_rate,warmup,192.168.100.20,197,addition,49,200,219.5,allowed,
1775362182.317,slow_rate,warmup,192.168.100.20,198,multiplication,55,200,377.9,allowed,
1775362182.795,slow_rate,warmup,192.168.100.20,199,find_vowels,80,200,203.4,allowed,
1775362183.100,slow_rate,warmup,192.168.100.20,200,multiplication,55,200,224.3,allowed,
1775362183.928,slow_rate,attack,192.168.100.20,201,find_vowels,100,200,248.2,allowed,
1775362183.987,slow_rate,attack,192.168.100.20,202,multiplication,55,200,243.6,allowed,
1775362184.044,slow_rate,attack,192.168.100.20,203,addition,49,200,310.8,allowed,
1775362184.101,slow_rate,attack,192.168.100.20,204,string_length,66,200,422.3,allowed,
1775362184.161,slow_rate,attack,192.168.100.20,205,factorial,36,200,444.8,allowed,
1775362184.274,slow_rate,attack,192.168.100.20,207,factorial,36,200,378.0,allowed,
1775362184.218,slow_rate,attack,192.168.100.20,206,multiplication,55,200,445.9,allowed,
1775362184.332,slow_rate,attack,192.168.100.20,208,factorial,36,200,351.9,allowed,
1775362184.390,slow_rate,attack,192.168.100.20,209,multiplication,55,200,341.4,allowed,
1775362184.447,slow_rate,attack,192.168.100.20,210,string_length,54,200,291.8,allowed,
1775362184.505,slow_rate,attack,192.168.100.20,211,multiplication,55,200,261.8,allowed,
1775362184.621,slow_rate,attack,192.168.100.20,213,string_length,90,200,322.0,allowed,
1775362184.679,slow_rate,attack,192.168.100.20,214,multiplication,55,200,317.7,allowed,
1775362184.563,slow_rate,attack,192.168.100.20,212,factorial,36,200,443.9,allowed,
1775362184.738,slow_rate,attack,192.168.100.20,215,string_length,66,200,295.5,allowed,
1775362184.795,slow_rate,attack,192.168.100.20,216,string_length,66,200,283.6,allowed,
1775362184.970,slow_rate,attack,192.168.100.20,219,string_length,54,200,191.6,allowed,
1775362184.910,slow_rate,attack,192.168.100.20,218,multiplication,53,200,313.8,allowed,
1775362184.852,slow_rate,attack,192.168.100.20,217,factorial,36,200,381.2,allowed,
1775362185.027,slow_rate,attack,192.168.100.20,220,multiplication,55,200,223.8,allowed,
1775362185.084,slow_rate,attack,192.168.100.20,221,addition,49,200,205.7,allowed,
1775362185.197,slow_rate,attack,192.168.100.20,223,addition,49,200,168.9,allowed,
1775362185.141,slow_rate,attack,192.168.100.20,222,find_vowels,100,200,250.5,allowed,
1775362185.254,slow_rate,attack,192.168.100.20,224,addition,49,200,168.1,allowed,
1775362185.311,slow_rate,attack,192.168.100.20,225,multiplication,54,200,233.4,allowed,
1775362185.368,slow_rate,attack,192.168.100.20,226,multiplication,55,200,224.1,allowed,
1775362185.425,slow_rate,attack,192.168.100.20,227,multiplication,55,200,216.7,allowed,
1775362185.482,slow_rate,attack,192.168.100.20,228,string_length,54,200,190.7,allowed,
1775362185.539,slow_rate,attack,192.168.100.20,229,string_length,66,200,178.6,allowed,
1775362185.652,slow_rate,attack,192.168.100.20,231,addition,48,200,173.9,allowed,
1775362185.596,slow_rate,attack,192.168.100.20,230,factorial,36,200,268.0,allowed,
1775362185.709,slow_rate,attack,192.168.100.20,232,addition,49,200,159.0,allowed,
1775362185.824,slow_rate,attack,192.168.100.20,234,addition,49,200,164.1,allowed,
1775362185.767,slow_rate,attack,192.168.100.20,233,multiplication,54,200,228.0,allowed,
1775362185.880,slow_rate,attack,192.168.100.20,235,multiplication,55,200,222.3,allowed,
1775362185.994,slow_rate,attack,192.168.100.20,237,find_vowels,80,200,194.5,allowed,
1775362185.937,slow_rate,attack,192.168.100.20,236,factorial,36,200,274.0,allowed,
1775362186.051,slow_rate,attack,192.168.100.20,238,string_length,66,200,187.9,allowed,
1775362186.109,slow_rate,attack,192.168.100.20,239,factorial,36,200,270.6,allowed,
1775362186.223,slow_rate,attack,192.168.100.20,241,addition,49,200,161.1,allowed,
1775362186.166,slow_rate,attack,192.168.100.20,240,factorial,36,200,261.0,allowed,
1775362186.279,slow_rate,attack,192.168.100.20,242,factorial,36,200,260.3,allowed,
1775362186.336,slow_rate,attack,192.168.100.20,243,factorial,36,200,275.2,allowed,
1775362186.394,slow_rate,attack,192.168.100.20,244,factorial,36,200,262.3,allowed,
1775362186.451,slow_rate,attack,192.168.100.20,245,multiplication,55,200,294.8,allowed,
1775362186.566,slow_rate,attack,192.168.100.20,247,string_length,54,200,201.5,allowed,
1775362186.508,slow_rate,attack,192.168.100.20,246,find_vowels,60,200,274.1,allowed,
1775362186.623,slow_rate,attack,192.168.100.20,248,string_length,66,200,177.8,allowed,
1775362186.737,slow_rate,attack,192.168.100.20,250,addition,49,200,176.2,allowed,
1775362186.795,slow_rate,attack,192.168.100.20,251,factorial,36,200,271.7,allowed,
1775362186.908,slow_rate,attack,192.168.100.20,253,addition,48,200,168.0,allowed,
1775362186.680,slow_rate,attack,192.168.100.20,249,factorial,36,200,413.7,allowed,
1775362186.851,slow_rate,attack,192.168.100.20,252,factorial,36,200,278.1,allowed,
1775362187.021,slow_rate,attack,192.168.100.20,255,addition,49,200,174.6,allowed,
1775362186.965,slow_rate,attack,192.168.100.20,254,multiplication,54,200,322.0,allowed,
1775362187.078,slow_rate,attack,192.168.100.20,256,string_length,90,200,240.2,allowed,
1775362187.192,slow_rate,attack,192.168.100.20,258,multiplication,55,200,207.9,allowed,
1775362187.135,slow_rate,attack,192.168.100.20,257,factorial,36,200,270.8,allowed,
1775362187.249,slow_rate,attack,192.168.100.20,259,factorial,36,200,259.9,allowed,
1775362187.420,slow_rate,attack,192.168.100.20,262,string_length,90,200,182.9,allowed,
1775362187.363,slow_rate,attack,192.168.100.20,261,factorial,36,200,273.0,allowed,
1775362187.307,slow_rate,attack,192.168.100.20,260,factorial,36,200,363.3,allowed,
1775362187.477,slow_rate,attack,192.168.100.20,263,multiplication,55,200,210.2,allowed,
1775362187.534,slow_rate,attack,192.168.100.20,264,addition,49,200,219.8,allowed,
1775362187.649,slow_rate,attack,192.168.100.20,266,find_vowels,100,200,202.0,allowed,
1775362187.592,slow_rate,attack,192.168.100.20,265,factorial,36,200,365.6,allowed,
1775362187.706,slow_rate,attack,192.168.100.20,267,factorial,36,200,264.7,allowed,
1775362187.762,slow_rate,attack,192.168.100.20,268,factorial,36,200,261.5,allowed,
1775362187.819,slow_rate,attack,192.168.100.20,269,factorial,36,200,272.5,allowed,
1775362187.877,slow_rate,attack,192.168.100.20,270,multiplication,55,200,290.4,allowed,
1775362187.933,slow_rate,attack,192.168.100.20,271,find_vowels,60,200,267.3,allowed,
1775362188.047,slow_rate,attack,192.168.100.20,273,addition,49,200,175.2,allowed,
1775362187.990,slow_rate,attack,192.168.100.20,272,factorial,36,200,255.0,allowed,
1775362188.104,slow_rate,attack,192.168.100.20,274,string_length,54,200,244.5,allowed,
1775362188.161,slow_rate,attack,192.168.100.20,275,multiplication,55,200,215.6,allowed,
1775362188.218,slow_rate,attack,192.168.100.20,276,string_length,90,200,174.7,allowed,
1775362188.275,slow_rate,attack,192.168.100.20,277,string_length,54,200,185.1,allowed,
1775362188.333,slow_rate,attack,192.168.100.20,278,find_vowels,60,200,192.9,allowed,
1775362188.390,slow_rate,attack,192.168.100.20,279,string_length,90,200,181.7,allowed,
1775362188.504,slow_rate,attack,192.168.100.20,281,addition,49,200,175.0,allowed,
1775362188.447,slow_rate,attack,192.168.100.20,280,factorial,36,200,277.7,allowed,
1775362188.560,slow_rate,attack,192.168.100.20,282,string_length,78,200,176.0,allowed,
1775362188.674,slow_rate,attack,192.168.100.20,284,find_vowels,100,200,182.3,allowed,
1775362188.617,slow_rate,attack,192.168.100.20,283,factorial,36,200,268.0,allowed,
1775362188.788,slow_rate,attack,192.168.100.20,286,string_length,66,200,186.4,allowed,
1775362188.731,slow_rate,attack,192.168.100.20,285,string_length,54,200,274.6,allowed,
1775362188.845,slow_rate,attack,192.168.100.20,287,multiplication,55,200,210.0,allowed,
1775362188.902,slow_rate,attack,192.168.100.20,288,string_length,66,200,184.8,allowed,
1775362188.959,slow_rate,attack,192.168.100.20,289,string_length,66,200,187.4,allowed,
1775362189.074,slow_rate,attack,192.168.100.20,291,addition,49,200,151.9,allowed,
1775362189.017,slow_rate,attack,192.168.100.20,290,multiplication,55,200,224.9,allowed,
1775362189.131,slow_rate,attack,192.168.100.20,292,addition,49,200,175.3,allowed,
1775362189.187,slow_rate,attack,192.168.100.20,293,factorial,36,200,273.0,allowed,
1775362189.300,slow_rate,attack,192.168.100.20,295,find_vowels,60,200,184.4,allowed,
1775362189.244,slow_rate,attack,192.168.100.20,294,factorial,36,200,272.6,allowed,
1775362189.415,slow_rate,attack,192.168.100.20,297,string_length,66,200,194.6,allowed,
1775362189.357,slow_rate,attack,192.168.100.20,296,multiplication,54,200,291.7,allowed,
1775362189.471,slow_rate,attack,192.168.100.20,298,factorial,36,200,267.5,allowed,
1775362189.528,slow_rate,attack,192.168.100.20,299,string_length,90,200,261.4,allowed,
1775362189.586,slow_rate,attack,192.168.100.20,300,string_length,54,200,252.4,allowed,
1775362189.642,slow_rate,attack,192.168.100.20,301,multiplication,55,200,211.1,allowed,
1775362189.699,slow_rate,attack,192.168.100.20,302,addition,50,200,169.8,allowed,
1775362189.756,slow_rate,attack,192.168.100.20,303,multiplication,55,200,231.0,allowed,
1775362189.813,slow_rate,attack,192.168.100.20,304,addition,49,200,181.2,allowed,
1775362189.870,slow_rate,attack,192.168.100.20,305,multiplication,55,200,212.6,allowed,
1775362189.927,slow_rate,attack,192.168.100.20,306,multiplication,54,200,219.4,allowed,
1775362189.984,slow_rate,attack,192.168.100.20,307,string_length,54,200,180.4,allowed,
1775362190.041,slow_rate,attack,192.168.100.20,308,string_length,78,200,176.0,allowed,
1775362190.098,slow_rate,attack,192.168.100.20,309,find_vowels,100,200,199.6,allowed,
1775362190.155,slow_rate,attack,192.168.100.20,310,string_length,66,200,183.8,allowed,
1775362190.211,slow_rate,attack,192.168.100.20,311,multiplication,55,200,224.7,allowed,
1775362190.268,slow_rate,attack,192.168.100.20,312,find_vowels,60,200,202.4,allowed,
1775362190.325,slow_rate,attack,192.168.100.20,313,multiplication,55,200,213.4,allowed,
1775362190.439,slow_rate,attack,192.168.100.20,315,multiplication,55,200,217.8,allowed,
1775362190.382,slow_rate,attack,192.168.100.20,314,multiplication,55,200,287.0,allowed,
1775362190.496,slow_rate,attack,192.168.100.20,316,find_vowels,60,200,204.8,allowed,
1775362190.610,slow_rate,attack,192.168.100.20,318,addition,49,200,181.1,allowed,
1775362190.553,slow_rate,attack,192.168.100.20,317,factorial,36,200,272.4,allowed,
1775362190.667,slow_rate,attack,192.168.100.20,319,factorial,36,200,255.2,allowed,
1775362190.724,slow_rate,attack,192.168.100.20,320,find_vowels,80,200,246.2,allowed,
1775362190.781,slow_rate,attack,192.168.100.20,321,factorial,36,200,262.8,allowed,
1775362190.838,slow_rate,attack,192.168.100.20,322,find_vowels,60,200,220.5,allowed,
1775362190.896,slow_rate,attack,192.168.100.20,323,multiplication,55,200,227.2,allowed,
1775362190.952,slow_rate,attack,192.168.100.20,324,factorial,36,200,277.6,allowed,
1775362191.009,slow_rate,attack,192.168.100.20,325,addition,49,200,223.1,allowed,
1775362191.066,slow_rate,attack,192.168.100.20,326,addition,48,200,185.9,allowed,
1775362191.125,slow_rate,attack,192.168.100.20,327,addition,49,200,170.0,allowed,
1775362191.182,slow_rate,attack,192.168.100.20,328,multiplication,55,200,261.8,allowed,
1775362191.239,slow_rate,attack,192.168.100.20,329,multiplication,54,200,222.5,allowed,
1775362191.296,slow_rate,attack,192.168.100.20,330,find_vowels,100,200,203.1,allowed,
1775362191.353,slow_rate,attack,192.168.100.20,331,addition,49,200,157.0,allowed,
1775362191.410,slow_rate,attack,192.168.100.20,332,addition,49,200,167.5,allowed,
1775362191.467,slow_rate,attack,192.168.100.20,333,multiplication,55,200,234.3,allowed,
1775362191.524,slow_rate,attack,192.168.100.20,334,string_length,66,200,191.3,allowed,
1775362191.581,slow_rate,attack,192.168.100.20,335,string_length,66,200,172.5,allowed,
1775362191.638,slow_rate,attack,192.168.100.20,336,find_vowels,80,200,196.6,allowed,
1775362191.696,slow_rate,attack,192.168.100.20,337,find_vowels,80,200,194.5,allowed,
1775362191.752,slow_rate,attack,192.168.100.20,338,find_vowels,80,200,205.5,allowed,
1775362191.867,slow_rate,attack,192.168.100.20,340,multiplication,54,200,223.8,allowed,
1775362191.810,slow_rate,attack,192.168.100.20,339,factorial,36,200,281.3,allowed,
1775362191.924,slow_rate,attack,192.168.100.20,341,multiplication,55,200,213.6,allowed,
1775362191.981,slow_rate,attack,192.168.100.20,342,find_vowels,100,200,211.5,allowed,
1775362192.037,slow_rate,attack,192.168.100.20,343,string_length,66,200,187.4,allowed,
1775362192.094,slow_rate,attack,192.168.100.20,344,string_length,90,200,183.5,allowed,
1775362192.151,slow_rate,attack,192.168.100.20,345,multiplication,55,200,220.8,allowed,
1775362192.208,slow_rate,attack,192.168.100.20,346,multiplication,55,200,217.1,allowed,
1775362192.265,slow_rate,attack,192.168.100.20,347,addition,49,200,186.7,allowed,
1775362192.322,slow_rate,attack,192.168.100.20,348,addition,48,200,178.7,allowed,
1775362192.436,slow_rate,attack,192.168.100.20,350,addition,49,200,169.0,allowed,
1775362192.493,slow_rate,attack,192.168.100.20,351,string_length,90,200,184.5,allowed,
1775362192.379,slow_rate,attack,192.168.100.20,349,factorial,36,200,383.5,allowed,
1775362192.549,slow_rate,attack,192.168.100.20,352,factorial,36,200,256.6,allowed,
1775362192.606,slow_rate,attack,192.168.100.20,353,addition,49,200,208.8,allowed,
1775362192.663,slow_rate,attack,192.168.100.20,354,addition,49,200,159.7,allowed,
1775362192.721,slow_rate,attack,192.168.100.20,355,multiplication,55,200,216.6,allowed,
1775362192.777,slow_rate,attack,192.168.100.20,356,addition,49,200,169.6,allowed,
1775362192.833,slow_rate,attack,192.168.100.20,357,addition,49,200,171.4,allowed,
1775362192.891,slow_rate,attack,192.168.100.20,358,string_length,66,200,192.2,allowed,
1775362192.948,slow_rate,attack,192.168.100.20,359,multiplication,54,200,205.8,allowed,
1775362193.005,slow_rate,attack,192.168.100.20,360,string_length,90,200,181.4,allowed,
1775362193.119,slow_rate,attack,192.168.100.20,362,addition,49,200,168.9,allowed,
1775362193.062,slow_rate,attack,192.168.100.20,361,factorial,36,200,266.8,allowed,
1775362193.233,slow_rate,attack,192.168.100.20,364,multiplication,55,200,222.7,allowed,
1775362193.176,slow_rate,attack,192.168.100.20,363,factorial,36,200,280.7,allowed,
1775362193.290,slow_rate,attack,192.168.100.20,365,multiplication,54,200,219.2,allowed,
1775362193.347,slow_rate,attack,192.168.100.20,366,find_vowels,80,200,273.7,allowed,
1775362193.461,slow_rate,attack,192.168.100.20,368,addition,49,200,173.2,allowed,
1775362193.404,slow_rate,attack,192.168.100.20,367,factorial,36,200,275.9,allowed,
1775362193.517,slow_rate,attack,192.168.100.20,369,factorial,36,200,276.0,allowed,
1775362193.574,slow_rate,attack,192.168.100.20,370,factorial,36,200,288.1,allowed,
1775362193.631,slow_rate,attack,192.168.100.20,371,multiplication,53,200,250.0,allowed,
1775362193.690,slow_rate,attack,192.168.100.20,372,addition,49,200,234.9,allowed,
1775362193.748,slow_rate,attack,192.168.100.20,373,find_vowels,100,200,267.0,allowed,
1775362193.804,slow_rate,attack,192.168.100.20,374,factorial,36,200,270.9,allowed,
1775362193.861,slow_rate,attack,192.168.100.20,375,string_length,78,200,223.1,allowed,
1775362193.919,slow_rate,attack,192.168.100.20,376,addition,48,200,234.4,allowed,
1775362193.976,slow_rate,attack,192.168.100.20,377,find_vowels,60,200,256.3,allowed,
1775362194.033,slow_rate,attack,192.168.100.20,378,addition,49,200,225.1,allowed,
1775362194.092,slow_rate,attack,192.168.100.20,379,string_length,54,200,246.3,allowed,
1775362194.150,slow_rate,attack,192.168.100.20,380,find_vowels,80,200,243.0,allowed,
1775362194.206,slow_rate,attack,192.168.100.20,381,string_length,78,200,230.7,allowed,
1775362194.322,slow_rate,attack,192.168.100.20,383,string_length,54,200,183.7,allowed,
1775362194.379,slow_rate,attack,192.168.100.20,384,multiplication,55,200,204.9,allowed,
1775362194.436,slow_rate,attack,192.168.100.20,385,find_vowels,60,200,192.6,allowed,
1775362194.265,slow_rate,attack,192.168.100.20,382,factorial,36,200,380.6,allowed,
1775362194.493,slow_rate,attack,192.168.100.20,386,find_vowels,100,200,269.4,allowed,
1775362194.549,slow_rate,attack,192.168.100.20,387,multiplication,55,200,224.4,allowed,
1775362194.606,slow_rate,attack,192.168.100.20,388,addition,49,200,175.8,allowed,
1775362194.664,slow_rate,attack,192.168.100.20,389,string_length,54,200,177.1,allowed,
1775362194.721,slow_rate,attack,192.168.100.20,390,addition,49,200,189.6,allowed,
1775362194.779,slow_rate,attack,192.168.100.20,391,multiplication,55,200,236.8,allowed,
1775362194.835,slow_rate,attack,192.168.100.20,392,string_length,78,200,185.0,allowed,
1775362194.892,slow_rate,attack,192.168.100.20,393,factorial,36,200,289.9,allowed,
1775362195.006,slow_rate,attack,192.168.100.20,395,find_vowels,80,200,224.1,allowed,
1775362194.950,slow_rate,attack,192.168.100.20,394,factorial,36,200,303.3,allowed,
1775362195.064,slow_rate,attack,192.168.100.20,396,string_length,66,200,261.1,allowed,
1775362195.178,slow_rate,attack,192.168.100.20,398,addition,49,200,191.6,allowed,
1775362195.121,slow_rate,attack,192.168.100.20,397,multiplication,55,200,309.1,allowed,
1775362195.235,slow_rate,attack,192.168.100.20,399,string_length,54,200,205.2,allowed,
1775362195.293,slow_rate,attack,192.168.100.20,400,factorial,36,200,277.6,allowed,
1775362195.406,slow_rate,attack,192.168.100.20,402,find_vowels,60,200,192.1,allowed,
1775362195.349,slow_rate,attack,192.168.100.20,401,multiplication,54,200,304.2,allowed,
1775362195.464,slow_rate,attack,192.168.100.20,403,multiplication,54,200,216.0,allowed,
1775362195.520,slow_rate,attack,192.168.100.20,404,multiplication,54,200,212.0,allowed,
1775362195.577,slow_rate,attack,192.168.100.20,405,addition,49,200,162.0,allowed,
1775362195.633,slow_rate,attack,192.168.100.20,406,addition,49,200,183.8,allowed,
1775362195.690,slow_rate,attack,192.168.100.20,407,find_vowels,80,200,203.0,allowed,
1775362195.747,slow_rate,attack,192.168.100.20,408,factorial,36,200,272.4,allowed,
1775362195.804,slow_rate,attack,192.168.100.20,409,factorial,36,200,322.8,allowed,
1775362195.918,slow_rate,attack,192.168.100.20,411,find_vowels,60,200,243.8,allowed,
1775362195.974,slow_rate,attack,192.168.100.20,412,string_length,78,200,195.3,allowed,
1775362195.861,slow_rate,attack,192.168.100.20,410,multiplication,55,200,333.7,allowed,
1775362196.032,slow_rate,attack,192.168.100.20,413,find_vowels,80,200,251.8,allowed,
1775362196.088,slow_rate,attack,192.168.100.20,414,find_vowels,60,200,211.0,allowed,
1775362196.145,slow_rate,attack,192.168.100.20,415,multiplication,54,200,234.1,allowed,
1775362196.201,slow_rate,attack,192.168.100.20,416,multiplication,54,200,225.6,allowed,
1775362196.259,slow_rate,attack,192.168.100.20,417,find_vowels,60,200,198.1,allowed,
1775362196.316,slow_rate,attack,192.168.100.20,418,find_vowels,60,200,207.4,allowed,
1775362196.372,slow_rate,attack,192.168.100.20,419,string_length,78,200,190.4,allowed,
1775362196.429,slow_rate,attack,192.168.100.20,420,string_length,66,200,204.2,allowed,
1775362196.486,slow_rate,attack,192.168.100.20,421,factorial,36,200,274.7,allowed,
1775362196.601,slow_rate,attack,192.168.100.20,423,addition,49,200,175.9,allowed,
1775362196.544,slow_rate,attack,192.168.100.20,422,find_vowels,80,200,275.6,allowed,
1775362196.658,slow_rate,attack,192.168.100.20,424,multiplication,55,200,217.1,allowed,
1775362196.715,slow_rate,attack,192.168.100.20,425,multiplication,54,200,239.6,allowed,
1775362196.771,slow_rate,attack,192.168.100.20,426,factorial,36,200,280.4,allowed,
1775362196.885,slow_rate,attack,192.168.100.20,428,addition,49,200,179.8,allowed,
1775362196.829,slow_rate,attack,192.168.100.20,427,find_vowels,80,200,266.1,allowed,
1775362196.942,slow_rate,attack,192.168.100.20,429,factorial,36,200,283.1,allowed,
1775362196.999,slow_rate,attack,192.168.100.20,430,factorial,36,200,272.8,allowed,
1775362197.057,slow_rate,attack,192.168.100.20,431,multiplication,55,200,230.0,allowed,
1775362197.113,slow_rate,attack,192.168.100.20,432,addition,49,200,222.8,allowed,
1775362197.228,slow_rate,attack,192.168.100.20,434,find_vowels,60,200,188.0,allowed,
1775362197.171,slow_rate,attack,192.168.100.20,433,factorial,36,200,268.8,allowed,
1775362197.284,slow_rate,attack,192.168.100.20,435,addition,48,200,177.7,allowed,
1775362197.341,slow_rate,attack,192.168.100.20,436,string_length,66,200,246.4,allowed,
1775362197.398,slow_rate,attack,192.168.100.20,437,multiplication,54,200,223.3,allowed,
1775362197.455,slow_rate,attack,192.168.100.20,438,multiplication,54,200,220.8,allowed,
1775362197.512,slow_rate,attack,192.168.100.20,439,string_length,78,200,184.6,allowed,
1775362197.569,slow_rate,attack,192.168.100.20,440,multiplication,55,200,235.2,allowed,
1775362197.627,slow_rate,attack,192.168.100.20,441,string_length,54,200,193.4,allowed,
1775362197.684,slow_rate,attack,192.168.100.20,442,string_length,90,200,179.1,allowed,
1775362197.741,slow_rate,attack,192.168.100.20,443,multiplication,55,200,239.0,allowed,
1775362197.854,slow_rate,attack,192.168.100.20,445,find_vowels,60,200,193.4,allowed,
1775362197.797,slow_rate,attack,192.168.100.20,444,factorial,36,200,284.9,allowed,
1775362197.968,slow_rate,attack,192.168.100.20,447,multiplication,55,200,231.6,allowed,
1775362198.025,slow_rate,attack,192.168.100.20,448,string_length,78,200,194.3,allowed,
1775362197.911,slow_rate,attack,192.168.100.20,446,factorial,36,200,375.4,allowed,
1775362198.082,slow_rate,attack,192.168.100.20,449,factorial,36,200,272.2,allowed,
1775362198.139,slow_rate,attack,192.168.100.20,450,factorial,36,200,268.5,allowed,
1775362198.196,slow_rate,attack,192.168.100.20,451,find_vowels,80,200,275.3,allowed,
1775362198.311,slow_rate,attack,192.168.100.20,453,multiplication,55,200,218.9,allowed,
1775362198.367,slow_rate,attack,192.168.100.20,454,addition,47,200,162.7,allowed,
1775362198.253,slow_rate,attack,192.168.100.20,452,multiplication,55,200,297.9,allowed,
1775362198.482,slow_rate,attack,192.168.100.20,456,string_length,54,200,202.4,allowed,
1775362198.424,slow_rate,attack,192.168.100.20,455,string_length,66,200,267.4,allowed,
1775362198.596,slow_rate,attack,192.168.100.20,458,addition,49,200,174.6,allowed,
1775362198.539,slow_rate,attack,192.168.100.20,457,factorial,36,200,263.2,allowed,
1775362198.652,slow_rate,attack,192.168.100.20,459,string_length,90,200,184.5,allowed,
1775362198.709,slow_rate,attack,192.168.100.20,460,addition,48,200,220.5,allowed,
1775362198.824,slow_rate,attack,192.168.100.20,462,addition,49,200,157.4,allowed,
1775362198.768,slow_rate,attack,192.168.100.20,461,factorial,36,200,267.4,allowed,
1775362198.881,slow_rate,attack,192.168.100.20,463,addition,48,200,167.8,allowed,
1775362198.938,slow_rate,attack,192.168.100.20,464,find_vowels,80,200,198.7,allowed,
1775362199.053,slow_rate,attack,192.168.100.20,466,addition,49,200,167.9,allowed,
1775362198.995,slow_rate,attack,192.168.100.20,465,multiplication,54,200,225.0,allowed,
1775362199.109,slow_rate,attack,192.168.100.20,467,find_vowels,100,200,198.4,allowed,
1775362199.223,slow_rate,attack,192.168.100.20,469,addition,49,200,166.9,allowed,
1775362199.166,slow_rate,attack,192.168.100.20,468,factorial,36,200,275.2,allowed,
1775362199.280,slow_rate,attack,192.168.100.20,470,find_vowels,80,200,194.5,allowed,
1775362199.337,slow_rate,attack,192.168.100.20,471,addition,49,200,169.4,allowed,
1775362199.393,slow_rate,attack,192.168.100.20,472,addition,49,200,163.7,allowed,
1775362199.450,slow_rate,attack,192.168.100.20,473,addition,49,200,164.3,allowed,
1775362199.507,slow_rate,attack,192.168.100.20,474,find_vowels,100,200,256.1,allowed,
1775362199.564,slow_rate,attack,192.168.100.20,475,factorial,36,200,264.9,allowed,
1775362199.621,slow_rate,attack,192.168.100.20,476,multiplication,55,200,211.5,allowed,
1775362199.678,slow_rate,attack,192.168.100.20,477,addition,48,200,161.3,allowed,
1775362199.791,slow_rate,attack,192.168.100.20,479,multiplication,55,200,232.7,allowed,
1775362199.848,slow_rate,attack,192.168.100.20,480,string_length,90,200,193.6,allowed,
1775362199.905,slow_rate,attack,192.168.100.20,481,find_vowels,80,200,197.5,allowed,
1775362199.734,slow_rate,attack,192.168.100.20,478,factorial,36,200,383.6,allowed,
1775362199.962,slow_rate,attack,192.168.100.20,482,find_vowels,100,200,222.6,allowed,
1775362200.077,slow_rate,attack,192.168.100.20,484,addition,49,200,175.3,allowed,
1775362200.134,slow_rate,attack,192.168.100.20,485,addition,49,200,161.6,allowed,
1775362200.019,slow_rate,attack,192.168.100.20,483,find_vowels,100,200,287.6,allowed,
1775362200.305,slow_rate,attack,192.168.100.20,488,addition,49,403,24.2,blocked,
1775362200.362,slow_rate,attack,192.168.100.20,489,find_vowels,80,403,10.3,blocked,
1775362200.418,slow_rate,attack,192.168.100.20,490,string_length,66,403,11.6,blocked,
1775362200.191,slow_rate,attack,192.168.100.20,486,factorial,36,200,257.6,allowed,
1775362200.248,slow_rate,attack,192.168.100.20,487,string_length,54,200,208.8,allowed,
1775362200.475,slow_rate,attack,192.168.100.20,491,find_vowels,80,403,22.9,blocked,
1775362200.531,slow_rate,attack,192.168.100.20,492,addition,49,403,32.2,blocked,
1775362200.588,slow_rate,attack,192.168.100.20,493,multiplication,55,403,25.6,blocked,
1775362200.645,slow_rate,attack,192.168.100.20,494,string_length,54,403,22.4,blocked,
1775362200.702,slow_rate,attack,192.168.100.20,495,string_length,78,403,19.3,blocked,
1775362200.760,slow_rate,attack,192.168.100.20,496,multiplication,54,403,18.7,blocked,
1775362200.817,slow_rate,attack,192.168.100.20,497,addition,49,403,25.0,blocked,
1775362200.874,slow_rate,attack,192.168.100.20,498,string_length,90,403,25.7,blocked,
1775362200.931,slow_rate,attack,192.168.100.20,499,multiplication,55,403,24.4,blocked,
1775362200.988,slow_rate,attack,192.168.100.20,500,factorial,36,403,28.8,blocked,
1775362201.046,slow_rate,attack,192.168.100.20,501,multiplication,55,403,22.7,blocked,
1775362201.102,slow_rate,attack,192.168.100.20,502,factorial,36,403,17.2,blocked,
1775362201.160,slow_rate,attack,192.168.100.20,503,string_length,78,403,19.5,blocked,
1775362201.216,slow_rate,attack,192.168.100.20,504,multiplication,54,403,17.2,blocked,
1775362201.273,slow_rate,attack,192.168.100.20,505,factorial,36,403,13.4,blocked,
1775362201.331,slow_rate,attack,192.168.100.20,506,find_vowels,60,403,23.5,blocked,
1775362201.389,slow_rate,attack,192.168.100.20,507,addition,48,403,27.7,blocked,
1775362201.446,slow_rate,attack,192.168.100.20,508,string_length,90,403,20.0,blocked,
1775362201.503,slow_rate,attack,192.168.100.20,509,string_length,66,403,20.1,blocked,
1775362201.561,slow_rate,attack,192.168.100.20,510,multiplication,54,403,19.9,blocked,
1775362201.617,slow_rate,attack,192.168.100.20,511,factorial,36,403,26.7,blocked,
1775362201.675,slow_rate,attack,192.168.100.20,512,multiplication,55,403,12.9,blocked,
1775362201.731,slow_rate,attack,192.168.100.20,513,addition,49,403,35.5,blocked,
1775362201.788,slow_rate,attack,192.168.100.20,514,factorial,36,403,26.8,blocked,
1775362201.845,slow_rate,attack,192.168.100.20,515,addition,49,403,16.9,blocked,
1775362201.903,slow_rate,attack,192.168.100.20,516,addition,49,403,14.8,blocked,
1775362201.961,slow_rate,attack,192.168.100.20,517,multiplication,55,403,20.3,blocked,
1775362202.017,slow_rate,attack,192.168.100.20,518,factorial,36,403,25.2,blocked,
1775362202.075,slow_rate,attack,192.168.100.20,519,find_vowels,80,403,24.7,blocked,
1775362202.132,slow_rate,attack,192.168.100.20,520,find_vowels,100,403,28.0,blocked,
1775362202.190,slow_rate,attack,192.168.100.20,521,string_length,78,403,13.8,blocked,
1775362202.247,slow_rate,attack,192.168.100.20,522,multiplication,55,403,25.4,blocked,
1775362202.304,slow_rate,attack,192.168.100.20,523,find_vowels,100,403,23.3,blocked,
1775362202.361,slow_rate,attack,192.168.100.20,524,factorial,36,403,21.2,blocked,
1775362202.418,slow_rate,attack,192.168.100.20,525,addition,49,403,15.2,blocked,
1775362202.475,slow_rate,attack,192.168.100.20,526,string_length,54,403,19.0,blocked,
1775362202.533,slow_rate,attack,192.168.100.20,527,multiplication,55,403,25.1,blocked,
1775362202.590,slow_rate,attack,192.168.100.20,528,factorial,36,403,21.3,blocked,
1775362202.648,slow_rate,attack,192.168.100.20,529,string_length,90,403,14.2,blocked,
1775362202.705,slow_rate,attack,192.168.100.20,530,multiplication,55,403,14.8,blocked,
1775362202.762,slow_rate,attack,192.168.100.20,531,find_vowels,100,403,33.4,blocked,
1775362202.819,slow_rate,attack,192.168.100.20,532,addition,49,403,18.2,blocked,
1775362202.876,slow_rate,attack,192.168.100.20,533,factorial,36,403,20.3,blocked,
1775362202.933,slow_rate,attack,192.168.100.20,534,multiplication,54,403,27.4,blocked,
1775362202.992,slow_rate,attack,192.168.100.20,535,multiplication,55,403,26.2,blocked,
1775362203.048,slow_rate,attack,192.168.100.20,536,find_vowels,60,403,26.4,blocked,
1775362203.105,slow_rate,attack,192.168.100.20,537,addition,49,403,33.7,blocked,
1775362203.162,slow_rate,attack,192.168.100.20,538,multiplication,55,403,17.3,blocked,
1775362203.219,slow_rate,attack,192.168.100.20,539,string_length,54,403,23.5,blocked,
1775362203.276,slow_rate,attack,192.168.100.20,540,factorial,36,403,26.5,blocked,
1775362203.334,slow_rate,attack,192.168.100.20,541,multiplication,54,403,27.5,blocked,
1775362203.391,slow_rate,attack,192.168.100.20,542,factorial,36,403,29.5,blocked,
1775362203.449,slow_rate,attack,192.168.100.20,543,addition,49,403,22.5,blocked,
1775362203.506,slow_rate,attack,192.168.100.20,544,multiplication,55,403,27.0,blocked,
1775362203.563,slow_rate,attack,192.168.100.20,545,multiplication,55,403,22.8,blocked,
1775362203.620,slow_rate,attack,192.168.100.20,546,find_vowels,80,403,23.1,blocked,
1775362203.678,slow_rate,attack,192.168.100.20,547,addition,48,403,21.2,blocked,
1775362203.735,slow_rate,attack,192.168.100.20,548,string_length,66,403,29.2,blocked,
1775362203.792,slow_rate,attack,192.168.100.20,549,string_length,90,403,19.9,blocked,
1775362203.849,slow_rate,attack,192.168.100.20,550,addition,49,403,27.2,blocked,
1775362203.907,slow_rate,attack,192.168.100.20,551,find_vowels,60,403,15.0,blocked,
1775362203.964,slow_rate,attack,192.168.100.20,552,factorial,36,403,15.4,blocked,
1775362204.022,slow_rate,attack,192.168.100.20,553,factorial,36,403,28.4,blocked,
1775362204.078,slow_rate,attack,192.168.100.20,554,addition,49,403,33.2,blocked,
1775362204.135,slow_rate,attack,192.168.100.20,555,factorial,36,403,19.1,blocked,
1775362204.192,slow_rate,attack,192.168.100.20,556,factorial,36,403,23.6,blocked,
1775362204.249,slow_rate,attack,192.168.100.20,557,multiplication,55,403,32.0,blocked,
1775362204.307,slow_rate,attack,192.168.100.20,558,multiplication,55,403,17.3,blocked,
1775362204.364,slow_rate,attack,192.168.100.20,559,factorial,36,403,26.8,blocked,
1775362204.422,slow_rate,attack,192.168.100.20,560,string_length,78,403,22.0,blocked,
1775362204.479,slow_rate,attack,192.168.100.20,561,string_length,78,403,27.0,blocked,
1775362204.536,slow_rate,attack,192.168.100.20,562,addition,49,403,18.6,blocked,
1775362204.594,slow_rate,attack,192.168.100.20,563,factorial,36,403,29.6,blocked,
1775362204.652,slow_rate,attack,192.168.100.20,564,string_length,90,403,30.9,blocked,
1775362204.709,slow_rate,attack,192.168.100.20,565,string_length,90,403,23.7,blocked,
1775362204.766,slow_rate,attack,192.168.100.20,566,factorial,36,403,31.0,blocked,
1775362204.823,slow_rate,attack,192.168.100.20,567,string_length,90,403,16.5,blocked,
1775362204.881,slow_rate,attack,192.168.100.20,568,factorial,36,403,18.8,blocked,
1775362204.938,slow_rate,attack,192.168.100.20,569,addition,49,403,29.2,blocked,
1775362204.996,slow_rate,attack,192.168.100.20,570,multiplication,55,403,36.1,blocked,
1775362205.052,slow_rate,attack,192.168.100.20,571,multiplication,55,403,25.7,blocked,
1775362205.110,slow_rate,attack,192.168.100.20,572,addition,49,403,23.7,blocked,
1775362205.167,slow_rate,attack,192.168.100.20,573,factorial,36,403,30.1,blocked,
1775362205.224,slow_rate,attack,192.168.100.20,574,addition,49,403,21.7,blocked,
1775362205.282,slow_rate,attack,192.168.100.20,575,addition,47,403,20.0,blocked,
1775362205.339,slow_rate,attack,192.168.100.20,576,addition,49,403,19.5,blocked,
1775362205.397,slow_rate,attack,192.168.100.20,577,addition,49,403,22.2,blocked,
1775362205.455,slow_rate,attack,192.168.100.20,578,string_length,78,403,44.6,blocked,
1775362205.519,slow_rate,attack,192.168.100.20,579,find_vowels,80,403,34.0,blocked,
1775362205.575,slow_rate,attack,192.168.100.20,580,addition,49,403,31.9,blocked,
1775362205.632,slow_rate,attack,192.168.100.20,581,find_vowels,80,403,35.5,blocked,
1775362205.690,slow_rate,attack,192.168.100.20,582,factorial,36,403,30.4,blocked,
1775362205.749,slow_rate,attack,192.168.100.20,583,factorial,36,403,30.2,blocked,
1775362205.806,slow_rate,attack,192.168.100.20,584,addition,49,403,26.9,blocked,
1775362205.863,slow_rate,attack,192.168.100.20,585,multiplication,55,403,18.3,blocked,
1775362205.920,slow_rate,attack,192.168.100.20,586,addition,49,403,24.7,blocked,
1775362205.978,slow_rate,attack,192.168.100.20,587,factorial,36,403,21.8,blocked,
1775362206.035,slow_rate,attack,192.168.100.20,588,factorial,36,403,29.5,blocked,
1775362206.093,slow_rate,attack,192.168.100.20,589,factorial,36,403,22.7,blocked,
1775362206.149,slow_rate,attack,192.168.100.20,590,string_length,66,403,29.5,blocked,
1775362206.206,slow_rate,attack,192.168.100.20,591,factorial,36,403,20.7,blocked,
1775362206.264,slow_rate,attack,192.168.100.20,592,string_length,54,403,14.1,blocked,
1775362206.321,slow_rate,attack,192.168.100.20,593,find_vowels,100,403,26.7,blocked,
1775362206.379,slow_rate,attack,192.168.100.20,594,factorial,36,403,17.2,blocked,
1775362206.436,slow_rate,attack,192.168.100.20,595,multiplication,55,403,23.6,blocked,
1775362206.496,slow_rate,attack,192.168.100.20,596,string_length,54,403,16.4,blocked,
1775362206.553,slow_rate,attack,192.168.100.20,597,find_vowels,80,403,24.8,blocked,
1775362206.611,slow_rate,attack,192.168.100.20,598,factorial,36,403,22.9,blocked,
1775362206.669,slow_rate,attack,192.168.100.20,599,multiplication,54,403,19.3,blocked,
1775362206.725,slow_rate,attack,192.168.100.20,600,addition,49,403,20.9,blocked,
1775362206.782,slow_rate,attack,192.168.100.20,601,string_length,78,403,16.9,blocked,
1775362206.841,slow_rate,attack,192.168.100.20,602,string_length,78,403,13.5,blocked,
1775362206.898,slow_rate,attack,192.168.100.20,603,factorial,36,403,32.3,blocked,
1775362206.956,slow_rate,attack,192.168.100.20,604,string_length,66,403,19.1,blocked,
1775362207.013,slow_rate,attack,192.168.100.20,605,string_length,90,403,28.3,blocked,
1775362207.070,slow_rate,attack,192.168.100.20,606,multiplication,55,403,19.9,blocked,
1775362207.127,slow_rate,attack,192.168.100.20,607,find_vowels,60,403,25.6,blocked,
1775362207.185,slow_rate,attack,192.168.100.20,608,string_length,90,403,33.9,blocked,
1775362207.242,slow_rate,attack,192.168.100.20,609,addition,49,403,17.8,blocked,
1775362207.299,slow_rate,attack,192.168.100.20,610,find_vowels,60,403,31.5,blocked,
1775362207.357,slow_rate,attack,192.168.100.20,611,find_vowels,60,403,16.3,blocked,
1775362207.414,slow_rate,attack,192.168.100.20,612,string_length,78,403,35.0,blocked,
1775362207.471,slow_rate,attack,192.168.100.20,613,addition,48,403,27.6,blocked,
1775362207.529,slow_rate,attack,192.168.100.20,614,multiplication,54,403,33.8,blocked,
1775362207.585,slow_rate,attack,192.168.100.20,615,factorial,36,403,26.8,blocked,
1775362207.644,slow_rate,attack,192.168.100.20,616,factorial,36,403,18.6,blocked,
1775362207.700,slow_rate,attack,192.168.100.20,617,addition,48,403,31.5,blocked,
1775362207.758,slow_rate,attack,192.168.100.20,618,multiplication,55,403,20.2,blocked,
1775362207.815,slow_rate,attack,192.168.100.20,619,find_vowels,80,403,17.2,blocked,
1775362207.872,slow_rate,attack,192.168.100.20,620,factorial,36,403,24.6,blocked,
1775362207.929,slow_rate,attack,192.168.100.20,621,addition,49,403,16.8,blocked,
1775362207.985,slow_rate,attack,192.168.100.20,622,find_vowels,60,403,23.5,blocked,
1775362208.042,slow_rate,attack,192.168.100.20,623,multiplication,55,403,10.1,blocked,
1775362208.099,slow_rate,attack,192.168.100.20,624,find_vowels,80,403,15.9,blocked,
1775362208.156,slow_rate,attack,192.168.100.20,625,factorial,36,403,17.5,blocked,
1775362208.213,slow_rate,attack,192.168.100.20,626,addition,48,403,17.3,blocked,
1775362208.270,slow_rate,attack,192.168.100.20,627,string_length,78,403,12.7,blocked,
1775362208.326,slow_rate,attack,192.168.100.20,628,addition,49,403,31.2,blocked,
1775362208.383,slow_rate,attack,192.168.100.20,629,string_length,78,403,30.8,blocked,
1775362208.440,slow_rate,attack,192.168.100.20,630,addition,49,403,20.2,blocked,
1775362208.497,slow_rate,attack,192.168.100.20,631,find_vowels,60,403,27.0,blocked,
1775362208.555,slow_rate,attack,192.168.100.20,632,addition,49,403,24.9,blocked,
1775362208.611,slow_rate,attack,192.168.100.20,633,string_length,90,403,16.1,blocked,
1775362208.668,slow_rate,attack,192.168.100.20,634,find_vowels,100,403,22.0,blocked,
1775362208.725,slow_rate,attack,192.168.100.20,635,find_vowels,60,403,21.8,blocked,
1775362208.783,slow_rate,attack,192.168.100.20,636,multiplication,55,403,25.8,blocked,
1775362208.839,slow_rate,attack,192.168.100.20,637,addition,49,403,23.2,blocked,
1775362208.896,slow_rate,attack,192.168.100.20,638,find_vowels,100,403,29.9,blocked,
1775362208.953,slow_rate,attack,192.168.100.20,639,addition,48,403,28.0,blocked,
1775362209.010,slow_rate,attack,192.168.100.20,640,multiplication,54,403,21.6,blocked,
1775362209.067,slow_rate,attack,192.168.100.20,641,string_length,78,403,31.3,blocked,
1775362209.124,slow_rate,attack,192.168.100.20,642,addition,49,403,10.5,blocked,
1775362209.181,slow_rate,attack,192.168.100.20,643,factorial,36,403,28.3,blocked,
1775362209.238,slow_rate,attack,192.168.100.20,644,multiplication,55,403,26.8,blocked,
1775362209.295,slow_rate,attack,192.168.100.20,645,string_length,54,403,16.8,blocked,
1775362209.352,slow_rate,attack,192.168.100.20,646,find_vowels,60,403,23.9,blocked,
1775362209.408,slow_rate,attack,192.168.100.20,647,string_length,66,403,22.5,blocked,
1775362209.466,slow_rate,attack,192.168.100.20,648,multiplication,55,403,14.6,blocked,
1775362209.523,slow_rate,attack,192.168.100.20,649,find_vowels,100,403,22.7,blocked,
1775362209.580,slow_rate,attack,192.168.100.20,650,multiplication,55,403,18.5,blocked,
1775362209.636,slow_rate,attack,192.168.100.20,651,factorial,36,403,21.5,blocked,
1775362209.694,slow_rate,attack,192.168.100.20,652,addition,49,403,22.3,blocked,
1775362209.751,slow_rate,attack,192.168.100.20,653,find_vowels,100,403,27.4,blocked,
1775362209.807,slow_rate,attack,192.168.100.20,654,multiplication,55,403,33.8,blocked,
1775362209.865,slow_rate,attack,192.168.100.20,655,factorial,36,403,32.7,blocked,
1775362209.921,slow_rate,attack,192.168.100.20,656,find_vowels,100,403,22.8,blocked,
1775362209.978,slow_rate,attack,192.168.100.20,657,multiplication,55,403,23.1,blocked,
1775362210.034,slow_rate,attack,192.168.100.20,658,string_length,66,403,28.3,blocked,
1775362210.092,slow_rate,attack,192.168.100.20,659,factorial,36,403,11.8,blocked,
1775362210.148,slow_rate,attack,192.168.100.20,660,addition,49,403,33.7,blocked,
1775362210.205,slow_rate,attack,192.168.100.20,661,multiplication,54,403,23.8,blocked,
1775362210.263,slow_rate,attack,192.168.100.20,662,factorial,36,403,28.8,blocked,
1775362210.320,slow_rate,attack,192.168.100.20,663,find_vowels,100,403,12.5,blocked,
1775362210.377,slow_rate,attack,192.168.100.20,664,multiplication,54,403,18.5,blocked,
1775362210.434,slow_rate,attack,192.168.100.20,665,addition,49,403,12.1,blocked,
1775362210.491,slow_rate,attack,192.168.100.20,666,find_vowels,100,403,13.9,blocked,
1775362210.548,slow_rate,attack,192.168.100.20,667,string_length,66,403,33.5,blocked,
1775362210.605,slow_rate,attack,192.168.100.20,668,string_length,78,403,25.7,blocked,
1775362210.662,slow_rate,attack,192.168.100.20,669,multiplication,55,403,11.1,blocked,
1775362210.719,slow_rate,attack,192.168.100.20,670,addition,49,403,16.1,blocked,
1775362210.775,slow_rate,attack,192.168.100.20,671,find_vowels,60,403,22.7,blocked,
1775362210.832,slow_rate,attack,192.168.100.20,672,addition,49,403,29.2,blocked,
1775362210.888,slow_rate,attack,192.168.100.20,673,string_length,66,403,24.4,blocked,
1775362210.945,slow_rate,attack,192.168.100.20,674,find_vowels,100,403,10.5,blocked,
1775362211.002,slow_rate,attack,192.168.100.20,675,find_vowels,60,403,20.5,blocked,
1775362211.059,slow_rate,attack,192.168.100.20,676,factorial,36,403,20.5,blocked,
1775362211.115,slow_rate,attack,192.168.100.20,677,addition,49,403,27.2,blocked,
1775362211.172,slow_rate,attack,192.168.100.20,678,multiplication,55,403,18.5,blocked,
1775362211.229,slow_rate,attack,192.168.100.20,679,addition,49,403,17.9,blocked,
1775362211.286,slow_rate,attack,192.168.100.20,680,factorial,36,403,10.9,blocked,
1775362211.343,slow_rate,attack,192.168.100.20,681,find_vowels,80,403,31.3,blocked,
1775362211.400,slow_rate,attack,192.168.100.20,682,addition,48,403,28.6,blocked,
1775362211.456,slow_rate,attack,192.168.100.20,683,multiplication,54,403,14.0,blocked,
1775362211.513,slow_rate,attack,192.168.100.20,684,find_vowels,60,403,33.7,blocked,
1775362211.571,slow_rate,attack,192.168.100.20,685,multiplication,53,403,27.5,blocked,
1775362211.627,slow_rate,attack,192.168.100.20,686,string_length,90,403,20.8,blocked,
1775362211.684,slow_rate,attack,192.168.100.20,687,addition,50,403,20.9,blocked,
1775362211.741,slow_rate,attack,192.168.100.20,688,multiplication,53,403,10.2,blocked,
1775362211.798,slow_rate,attack,192.168.100.20,689,factorial,36,403,26.1,blocked,
1775362211.855,slow_rate,attack,192.168.100.20,690,addition,49,403,26.0,blocked,
1775362211.912,slow_rate,attack,192.168.100.20,691,string_length,78,403,32.5,blocked,
1775362211.968,slow_rate,attack,192.168.100.20,692,find_vowels,60,403,24.3,blocked,
1775362212.025,slow_rate,attack,192.168.100.20,693,find_vowels,100,403,10.7,blocked,
1775362212.082,slow_rate,attack,192.168.100.20,694,string_length,90,403,17.5,blocked,
1775362212.138,slow_rate,attack,192.168.100.20,695,addition,49,403,19.7,blocked,
1775362212.195,slow_rate,attack,192.168.100.20,696,factorial,36,403,26.7,blocked,
1775362212.252,slow_rate,attack,192.168.100.20,697,string_length,90,403,26.8,blocked,
1775362212.309,slow_rate,attack,192.168.100.20,698,find_vowels,100,403,17.9,blocked,
1775362212.366,slow_rate,attack,192.168.100.20,699,multiplication,54,403,29.6,blocked,
1775362212.424,slow_rate,attack,192.168.100.20,700,find_vowels,80,403,20.2,blocked,
1775362212.481,slow_rate,attack,192.168.100.20,701,factorial,36,403,18.1,blocked,
1775362212.538,slow_rate,attack,192.168.100.20,702,addition,49,403,26.7,blocked,
1775362212.595,slow_rate,attack,192.168.100.20,703,find_vowels,100,403,16.0,blocked,
1775362212.652,slow_rate,attack,192.168.100.20,704,find_vowels,100,403,32.1,blocked,
1775362212.710,slow_rate,attack,192.168.100.20,705,factorial,36,403,20.7,blocked,
1775362212.769,slow_rate,attack,192.168.100.20,706,multiplication,55,403,24.7,blocked,
1775362212.829,slow_rate,attack,192.168.100.20,707,addition,49,403,21.1,blocked,
1775362212.885,slow_rate,attack,192.168.100.20,708,find_vowels,60,403,19.6,blocked,
1775362212.943,slow_rate,attack,192.168.100.20,709,find_vowels,60,403,19.3,blocked,
1775362213.001,slow_rate,attack,192.168.100.20,710,string_length,66,403,28.2,blocked,
1775362213.058,slow_rate,attack,192.168.100.20,711,string_length,54,403,25.0,blocked,
1775362213.117,slow_rate,attack,192.168.100.20,712,addition,49,403,31.8,blocked,
1775362213.173,slow_rate,attack,192.168.100.20,713,addition,49,403,22.2,blocked,
1775362213.231,slow_rate,attack,192.168.100.20,714,multiplication,55,403,28.8,blocked,
1775362213.288,slow_rate,attack,192.168.100.20,715,string_length,90,403,27.7,blocked,
1775362213.345,slow_rate,attack,192.168.100.20,716,string_length,78,403,18.6,blocked,
1775362213.402,slow_rate,attack,192.168.100.20,717,find_vowels,80,403,28.4,blocked,
1775362213.459,slow_rate,attack,192.168.100.20,718,string_length,78,403,35.7,blocked,
1775362213.516,slow_rate,attack,192.168.100.20,719,find_vowels,60,403,16.0,blocked,
1775362213.573,slow_rate,attack,192.168.100.20,720,multiplication,54,403,23.8,blocked,
1775362213.631,slow_rate,attack,192.168.100.20,721,factorial,36,403,29.0,blocked,
1775362213.688,slow_rate,attack,192.168.100.20,722,multiplication,55,403,26.8,blocked,
1775362213.746,slow_rate,attack,192.168.100.20,723,multiplication,55,403,18.3,blocked,
1775362213.803,slow_rate,attack,192.168.100.20,724,factorial,36,403,23.8,blocked,
1775362213.860,slow_rate,attack,192.168.100.20,725,string_length,78,403,21.6,blocked,
1775362213.917,slow_rate,attack,192.168.100.20,726,find_vowels,80,403,27.8,blocked,
1775362213.975,slow_rate,attack,192.168.100.20,727,factorial,36,403,35.6,blocked,
1775362214.032,slow_rate,attack,192.168.100.20,728,multiplication,54,403,14.5,blocked,
1775362214.089,slow_rate,attack,192.168.100.20,729,factorial,36,403,12.9,blocked,
1775362214.146,slow_rate,attack,192.168.100.20,730,multiplication,54,403,29.2,blocked,
1775362214.203,slow_rate,attack,192.168.100.20,731,find_vowels,100,403,28.5,blocked,
1775362214.262,slow_rate,attack,192.168.100.20,732,multiplication,54,403,22.0,blocked,
1775362214.318,slow_rate,attack,192.168.100.20,733,find_vowels,80,403,13.5,blocked,
1775362214.376,slow_rate,attack,192.168.100.20,734,factorial,36,403,22.1,blocked,
1775362214.433,slow_rate,attack,192.168.100.20,735,multiplication,55,403,13.5,blocked,
1775362214.490,slow_rate,attack,192.168.100.20,736,addition,49,403,19.3,blocked,
1775362214.547,slow_rate,attack,192.168.100.20,737,factorial,36,403,18.0,blocked,
1775362214.604,slow_rate,attack,192.168.100.20,738,multiplication,55,403,24.9,blocked,
1775362214.662,slow_rate,attack,192.168.100.20,739,find_vowels,80,403,16.3,blocked,
1775362214.718,slow_rate,attack,192.168.100.20,740,find_vowels,80,403,30.9,blocked,
